optionArchive,dataElementArchive,comment,dataElementNouveau,categorieOptionComboNouveau
jWLFQL2QzEg:eeruCK8vkwY,vzO3isgLNK5,IMPORT_SNIS MenA administree,vzO3isgLNK5,pIjJC4ub3em
jWLFQL2QzEg:eeruCK8vkwY,r1RSxDuAR5y,IMPORT_SNIS Penta 1 administree,r1RSxDuAR5y,pIjJC4ub3em
jWLFQL2QzEg:eeruCK8vkwY,UMy6pCdqJsR,IMPORT_SNIS Penta 2 administree,UMy6pCdqJsR,pIjJC4ub3em
jWLFQL2QzEg:eeruCK8vkwY,FadFLbD43Xj,IMPORT_SNIS Penta 3 administree,FadFLbD43Xj,pIjJC4ub3em
jWLFQL2QzEg:eeruCK8vkwY,afztgk6dy54,IMPORT_SNIS Td1 FE administree,afztgk6dy54,pIjJC4ub3em
jWLFQL2QzEg:eeruCK8vkwY,xnHrfUk56qp,IMPORT_SNIS Td2 FE administree,xnHrfUk56qp,pIjJC4ub3em
jWLFQL2QzEg:eeruCK8vkwY,QWgdtfV8gHj,IMPORT_SNIS Td3 FE administree,QWgdtfV8gHj,pIjJC4ub3em
jWLFQL2QzEg:eeruCK8vkwY,DeW99yKopnJ,IMPORT_SNIS Td4 FE administree,DeW99yKopnJ,pIjJC4ub3em
jWLFQL2QzEg:eeruCK8vkwY,hP35xDLyr0r,IMPORT_SNIS Td5 FE administree,hP35xDLyr0r,pIjJC4ub3em
jWLFQL2QzEg:eeruCK8vkwY,uz1uG2813zc,IMPORT_SNIS VAA administree,uz1uG2813zc,pIjJC4ub3em
jWLFQL2QzEg:eeruCK8vkwY,olWzC3aTGCK,IMPORT_SNIS VAR/RR1 administree,olWzC3aTGCK,pIjJC4ub3em
jWLFQL2QzEg:eeruCK8vkwY,iQ2SK9pVaO9,IMPORT_SNIS VAR/RR2 administree,iQ2SK9pVaO9,pIjJC4ub3em
jWLFQL2QzEg:eeruCK8vkwY,ZxuOlfIXZjC,IMPORT_SNIS VPI administree,ZxuOlfIXZjC,pIjJC4ub3em
jWLFQL2QzEg:eeruCK8vkwY,TXQQju9tL8y,IMPORT_SNIS VPO 0 administree,TXQQju9tL8y,pIjJC4ub3em
jWLFQL2QzEg:eeruCK8vkwY,uvPHYoGOMSb,IMPORT_SNIS VPO 1 administree,uvPHYoGOMSb,pIjJC4ub3em
jWLFQL2QzEg:eeruCK8vkwY,du5IAefx8v2,IMPORT_SNIS VPO 2 administree,du5IAefx8v2,pIjJC4ub3em
jWLFQL2QzEg:eeruCK8vkwY,T2fKoTG85pR,IMPORT_SNIS VPO 3 administree,T2fKoTG85pR,pIjJC4ub3em
jWLFQL2QzEg:C8CIw3tHsdO,vzO3isgLNK5,IMPORT_SNIS MenA administree,vzO3isgLNK5,tFdansXIMbw
jWLFQL2QzEg:C8CIw3tHsdO,r1RSxDuAR5y,IMPORT_SNIS Penta 1 administree,r1RSxDuAR5y,tFdansXIMbw
jWLFQL2QzEg:C8CIw3tHsdO,UMy6pCdqJsR,IMPORT_SNIS Penta 2 administree,UMy6pCdqJsR,tFdansXIMbw
jWLFQL2QzEg:C8CIw3tHsdO,FadFLbD43Xj,IMPORT_SNIS Penta 3 administree,FadFLbD43Xj,tFdansXIMbw
jWLFQL2QzEg:C8CIw3tHsdO,afztgk6dy54,IMPORT_SNIS Td1 FE administree,afztgk6dy54,tFdansXIMbw
jWLFQL2QzEg:C8CIw3tHsdO,xnHrfUk56qp,IMPORT_SNIS Td2 FE administree,xnHrfUk56qp,tFdansXIMbw
jWLFQL2QzEg:C8CIw3tHsdO,QWgdtfV8gHj,IMPORT_SNIS Td3 FE administree,QWgdtfV8gHj,tFdansXIMbw
jWLFQL2QzEg:C8CIw3tHsdO,DeW99yKopnJ,IMPORT_SNIS Td4 FE administree,DeW99yKopnJ,tFdansXIMbw
jWLFQL2QzEg:C8CIw3tHsdO,hP35xDLyr0r,IMPORT_SNIS Td5 FE administree,hP35xDLyr0r,tFdansXIMbw
jWLFQL2QzEg:C8CIw3tHsdO,uz1uG2813zc,IMPORT_SNIS VAA administree,uz1uG2813zc,tFdansXIMbw
jWLFQL2QzEg:C8CIw3tHsdO,olWzC3aTGCK,IMPORT_SNIS VAR/RR1 administree,olWzC3aTGCK,tFdansXIMbw
jWLFQL2QzEg:C8CIw3tHsdO,iQ2SK9pVaO9,IMPORT_SNIS VAR/RR2 administree,iQ2SK9pVaO9,tFdansXIMbw
jWLFQL2QzEg:C8CIw3tHsdO,ZxuOlfIXZjC,IMPORT_SNIS VPI administree,ZxuOlfIXZjC,tFdansXIMbw
jWLFQL2QzEg:C8CIw3tHsdO,TXQQju9tL8y,IMPORT_SNIS VPO 0 administree,TXQQju9tL8y,tFdansXIMbw
jWLFQL2QzEg:C8CIw3tHsdO,uvPHYoGOMSb,IMPORT_SNIS VPO 1 administree,uvPHYoGOMSb,tFdansXIMbw
jWLFQL2QzEg:C8CIw3tHsdO,du5IAefx8v2,IMPORT_SNIS VPO 2 administree,du5IAefx8v2,tFdansXIMbw
jWLFQL2QzEg:C8CIw3tHsdO,T2fKoTG85pR,IMPORT_SNIS VPO 3 administree,T2fKoTG85pR,tFdansXIMbw